citation,document_number,end_page,html_url,pdf_url,type,subtype,publication_date,signing_date,start_page,title,disposition_notes,executive_order_number,not_received_for_publication
90 FR 35817, 2025-14391,35820,https://www.federalregister.gov/documents/2025/07/29/2025-14391/ending-crime-and-disorder-on-americas-streets,https://www.govinfo.gov/content/pkg/FR-2025-07-29/pdf/2025-14391.pdf,Presidential Document,Executive Order,07/29/2025,2025-07-24,35817,Ending Crime and Disorder on America's Streets,"",14321,""
90 FR 35821, 2025-14392,35824,https://www.federalregister.gov/documents/2025/07/29/2025-14392/saving-college-sports,https://www.govinfo.gov/content/pkg/FR-2025-07-29/pdf/2025-14392.pdf,Presidential Document,Executive Order,07/29/2025,2025-07-24,35821,Saving College Sports,"",14322,""
90 FR 35385, 2025-14212,35388,https://www.federalregister.gov/documents/2025/07/28/2025-14212/accelerating-federal-permitting-of-data-center-infrastructure,https://www.govinfo.gov/content/pkg/FR-2025-07-28/pdf/2025-14212.pdf,Presidential Document,Executive Order,07/28/2025,2025-07-23,35385,Accelerating Federal Permitting of Data Center Infrastructure,"Revokes: EO 14141, January 14, 2025",14318,""
90 FR 35389, 2025-14217,35391,https://www.federalregister.gov/documents/2025/07/28/2025-14217/preventing-woke-ai-in-the-federal-government,https://www.govinfo.gov/content/pkg/FR-2025-07-28/pdf/2025-14217.pdf,Presidential Document,Executive Order,07/28/2025,2025-07-23,35389,Preventing Woke AI in the Federal Government,"See: EO 13960, December 3, 2020",14319,""
90 FR 35393, 2025-14218,35395,https://www.federalregister.gov/documents/2025/07/28/2025-14218/promoting-the-export-of-the-american-ai-technology-stack,https://www.govinfo.gov/content/pkg/FR-2025-07-28/pdf/2025-14218.pdf,Presidential Document,Executive Order,07/28/2025,2025-07-23,35393,Promoting the Export of the American AI Technology Stack,"",14320,""
90 FR 34753, 2025-13925,34755,https://www.federalregister.gov/documents/2025/07/23/2025-13925/creating-schedule-g-in-the-excepted-service,https://www.govinfo.gov/content/pkg/FR-2025-07-23/pdf/2025-13925.pdf,Presidential Document,Executive Order,07/23/2025,2025-07-17,34753,Creating Schedule G in the Excepted Service,"",14317,""
90 FR 30821, 2025-12961,30822,https://www.federalregister.gov/documents/2025/07/10/2025-12961/ending-market-distorting-subsidies-for-unreliable-foreign-controlled-energy-sources,https://www.govinfo.gov/content/pkg/FR-2025-07-10/pdf/2025-12961.pdf,Presidential Document,Executive Order,07/10/2025,2025-07-07,30821,"Ending Market Distorting Subsidies for Unreliable, Foreign-Controlled Energy Sources","",14315,""
90 FR 30823, 2025-12962,30824,https://www.federalregister.gov/documents/2025/07/10/2025-12962/extending-the-modification-of-the-reciprocal-tariff-rates,https://www.govinfo.gov/content/pkg/FR-2025-07-10/pdf/2025-12962.pdf,Presidential Document,Executive Order,07/10/2025,2025-07-07,30823,Extending the Modification of the Reciprocal Tariff Rates,"See: EO 14257, April 2, 2025; EO 14266, April 9, 2025; EO 14298, May 12, 2025",14316,""
90 FR 30197, 2025-12774,30199,https://www.federalregister.gov/documents/2025/07/09/2025-12774/establishing-the-presidents-make-america-beautiful-again-commission,https://www.govinfo.gov/content/pkg/FR-2025-07-09/pdf/2025-12774.pdf,Presidential Document,Executive Order,07/09/2025,2025-07-03,30197,Establishing the President's Make America Beautiful Again Commission,"",14313,""
90 FR 30201, 2025-12775,30202,https://www.federalregister.gov/documents/2025/07/09/2025-12775/making-america-beautiful-again-by-improving-our-national-parks,https://www.govinfo.gov/content/pkg/FR-2025-07-09/pdf/2025-12775.pdf,Presidential Document,Executive Order,07/09/2025,2025-07-03,30201,Making America Beautiful Again by Improving Our National Parks,"Revokes: Memo. of January 12, 2017",14314,""
90 FR 29393, 2025-12505,29393,https://www.federalregister.gov/documents/2025/07/03/2025-12505/establishing-a-white-house-office-for-special-peace-missions,https://www.govinfo.gov/content/pkg/FR-2025-07-03/pdf/2025-12505.pdf,Presidential Document,Executive Order,07/03/2025,2025-06-30,29393,Establishing a White House Office for Special Peace Missions,"",14311,""
90 FR 29395, 2025-12506,29399,https://www.federalregister.gov/documents/2025/07/03/2025-12506/providing-for-the-revocation-of-syria-sanctions,https://www.govinfo.gov/content/pkg/FR-2025-07-03/pdf/2025-12506.pdf,Presidential Document,Executive Order,07/03/2025,2025-06-30,29395,Providing for the Revocation of Syria Sanctions,"Revokes: EO 13338, May 11, 2004; EO 13399, April 25, 2006; EO 13460, February 13, 2008; EO 13572, April 29, 2011; EO 13573, May 18, 2011; EO 13582, August 17, 2011
Amends: EO 13606, April 22, 2012; EO 13894, October 14, 2019
See: EO 13224, September 23, 2001",14312,""
90 FR 26913, 2025-11682,26914,https://www.federalregister.gov/documents/2025/06/24/2025-11682/further-extending-the-tiktok-enforcement-delay,https://www.govinfo.gov/content/pkg/FR-2025-06-24/pdf/2025-11682.pdf,Presidential Document,Executive Order,06/24/2025,2025-06-19,26913,Further Extending the TikTok Enforcement Delay,"See: EO 14166, January 20, 2025; EO 14258, April 4, 2025",14310,""
90 FR 26419, 2025-11473,26422,https://www.federalregister.gov/documents/2025/06/23/2025-11473/implementing-the-general-terms-of-the-united-states-of-america-united-kingdom-economic-prosperity,https://www.govinfo.gov/content/pkg/FR-2025-06-23/pdf/2025-11473.pdf,Presidential Document,Executive Order,06/23/2025,2025-06-16,26419,Implementing the General Terms of the United States of America-United Kingdom Economic Prosperity Deal,"See: Proc. 9704, March 8, 2018; Proc. 9705, March 8, 2018;  Proc. 9888, May 17, 2019; Proc. 10908, March 26, 2025; EO 14257, April 2, 2025",14309,""
90 FR 26175, 2025-11358,26177,https://www.federalregister.gov/documents/2025/06/18/2025-11358/empowering-commonsense-wildfire-prevention-and-response,https://www.govinfo.gov/content/pkg/FR-2025-06-18/pdf/2025-11358.pdf,Presidential Document,Executive Order,06/18/2025,2025-06-12,26175,Empowering Commonsense Wildfire Prevention and Response,"",14308,""
90 FR 24719, 2025-10803,24721,https://www.federalregister.gov/documents/2025/06/11/2025-10803/restoring-american-airspace-sovereignty,https://www.govinfo.gov/content/pkg/FR-2025-06-11/pdf/2025-10803.pdf,Presidential Document,Executive Order,06/11/2025,2025-06-06,24719,Restoring American Airspace Sovereignty,"",14305,""
90 FR 24723, 2025-10804,24726,https://www.federalregister.gov/documents/2025/06/11/2025-10804/sustaining-select-efforts-to-strengthen-the-nations-cybersecurity-and-amending-executive-order-13694,https://www.govinfo.gov/content/pkg/FR-2025-06-11/pdf/2025-10804.pdf,Presidential Document,Executive Order,06/11/2025,2025-06-06,24723,Sustaining Select Efforts To Strengthen the Nation's Cybersecurity and Amending Executive Order 13694 and Executive Order 14144,"Amends: EO 13694, April 1, 2015; EO 14144, January 16, 2025
See: EO 13757, December 28, 2016; EO 13984, January 19, 2021",14306,""
90 FR 24727, 2025-10814,24731,https://www.federalregister.gov/documents/2025/06/11/2025-10814/unleashing-american-drone-dominance,https://www.govinfo.gov/content/pkg/FR-2025-06-11/pdf/2025-10814.pdf,Presidential Document,Executive Order,06/11/2025,2025-06-06,24727,Unleashing American Drone Dominance,"",14307,""
90 FR 24717, 2025-10800,24718,https://www.federalregister.gov/documents/2025/06/11/2025-10800/leading-the-world-in-supersonic-flight,https://www.govinfo.gov/content/pkg/FR-2025-06-11/pdf/2025-10800.pdf,Presidential Document,Executive Order,06/11/2025,2025-06-06,24717,Leading the World in Supersonic Flight,"",14304,""
90 FR 22581, 2025-09796,22586,https://www.federalregister.gov/documents/2025/05/29/2025-09796/deploying-advanced-nuclear-reactor-technologies-for-national-security,https://www.govinfo.gov/content/pkg/FR-2025-05-29/pdf/2025-09796.pdf,Presidential Document,Executive Order,05/29/2025,2025-05-23,22581,Deploying Advanced Nuclear Reactor Technologies for National Security,"",14299,""
90 FR 22587, 2025-09798,22590,https://www.federalregister.gov/documents/2025/05/29/2025-09798/ordering-the-reform-of-the-nuclear-regulatory-commission,https://www.govinfo.gov/content/pkg/FR-2025-05-29/pdf/2025-09798.pdf,Presidential Document,Executive Order,05/29/2025,2025-05-23,22587,Ordering the Reform of the Nuclear Regulatory Commission,"See: EO 14154, January 20, 2025; EO 14158, January 20, 2025",14300,""
90 FR 22591, 2025-09799,22593,https://www.federalregister.gov/documents/2025/05/29/2025-09799/reforming-nuclear-reactor-testing-at-the-department-of-energy,https://www.govinfo.gov/content/pkg/FR-2025-05-29/pdf/2025-09799.pdf,Presidential Document,Executive Order,05/29/2025,2025-05-23,22591,Reforming Nuclear Reactor Testing at the Department of Energy,"See: EO 14154, January 20, 2025; EO 14156, January 20, 2025; EO 14299, May 23, 2025 ",14301,""
90 FR 22595, 2025-09801,22599,https://www.federalregister.gov/documents/2025/05/29/2025-09801/reinvigorating-the-nuclear-industrial-base,https://www.govinfo.gov/content/pkg/FR-2025-05-29/pdf/2025-09801.pdf,Presidential Document,Executive Order,05/29/2025,2025-05-23,22595,Reinvigorating the Nuclear Industrial Base,"See: EO 13603, March 16, 2012;  EO 14278, April 23, 2025",14302,""
90 FR 22601, 2025-09802,22606,https://www.federalregister.gov/documents/2025/05/29/2025-09802/restoring-gold-standard-science,https://www.govinfo.gov/content/pkg/FR-2025-05-29/pdf/2025-09802.pdf,Presidential Document,Executive Order,05/29/2025,2025-05-23,22601,Restoring Gold Standard Science,"See: EO 14154, January 20, 2025; Memo. of January 27, 2021",14303,""
90 FR 21831, 2025-09297,21834,https://www.federalregister.gov/documents/2025/05/21/2025-09297/modifying-reciprocal-tariff-rates-to-reflect-discussions-with-the-peoples-republic-of-china,https://www.govinfo.gov/content/pkg/FR-2025-05-21/pdf/2025-09297.pdf,Presidential Document,Executive Order,05/21/2025,2025-05-12,21831,Modifying Reciprocal Tariff Rates To Reflect Discussions With the People's Republic of China,"See: EO 14257, April 2, 2025; EO 14259, April 8, 2025; EO 14266, April 9, 2025; Memo. of April 11, 2025; EO 14316, July 7, 2025",14298,""
90 FR 20749, 2025-08876,20751,https://www.federalregister.gov/documents/2025/05/15/2025-08876/delivering-most-favored-nation-prescription-drug-pricing-to-american-patients,https://www.govinfo.gov/content/pkg/FR-2025-05-15/pdf/2025-08876.pdf,Presidential Document,Executive Order,05/15/2025,2025-05-12,20749,Delivering Most-Favored-Nation Prescription Drug Pricing to American Patients,"See: EO 14273, April 15, 2025",14297,""
90 FR 20363, 2025-08681,20365,https://www.federalregister.gov/documents/2025/05/14/2025-08681/fighting-overcriminalization-in-federal-regulations,https://www.govinfo.gov/content/pkg/FR-2025-05-14/pdf/2025-08681.pdf,Presidential Document,Executive Order,05/14/2025,2025-05-09,20363,Fighting Overcriminalization in Federal Regulations,"",14294,""
90 FR 20367, 2025-08682,20368,https://www.federalregister.gov/documents/2025/05/14/2025-08682/increasing-efficiency-at-the-office-of-the-federal-register,https://www.govinfo.gov/content/pkg/FR-2025-05-14/pdf/2025-08682.pdf,Presidential Document,Executive Order,05/14/2025,2025-05-09,20367,Increasing Efficiency at the Office of the Federal Register,"",14295,""
90 FR 20369, 2025-08683,20371,https://www.federalregister.gov/documents/2025/05/14/2025-08683/keeping-promises-to-veterans-and-establishing-a-national-center-for-warrior-independence,https://www.govinfo.gov/content/pkg/FR-2025-05-14/pdf/2025-08683.pdf,Presidential Document,Executive Order,05/14/2025,2025-05-09,20369,Keeping Promises to Veterans and Establishing a National Center for Warrior Independence,"",14296,""
90 FR 19611, 2025-08266,19614,https://www.federalregister.gov/documents/2025/05/08/2025-08266/improving-the-safety-and-security-of-biological-research,https://www.govinfo.gov/content/pkg/FR-2025-05-08/pdf/2025-08266.pdf,Presidential Document,Executive Order,05/08/2025,2025-05-05,19611,Improving the Safety and Security of Biological Research,"",14292,""
90 FR 19615, 2025-08267,19617,https://www.federalregister.gov/documents/2025/05/08/2025-08267/regulatory-relief-to-promote-domestic-production-of-critical-medicines,https://www.govinfo.gov/content/pkg/FR-2025-05-08/pdf/2025-08267.pdf,Presidential Document,Executive Order,05/08/2025,2025-05-05,19615,Regulatory Relief To Promote Domestic Production of Critical Medicines,"See: EO 13944, August 6, 2020",14293,""
90 FR 19415, 2025-08133,19416,https://www.federalregister.gov/documents/2025/05/07/2025-08133/ending-taxpayer-subsidization-of-biased-media,https://www.govinfo.gov/content/pkg/FR-2025-05-07/pdf/2025-08133.pdf,Presidential Document,Executive Order,05/07/2025,2025-05-01,19415,Ending Taxpayer Subsidization of Biased Media,"",14290,""
90 FR 19417, 2025-08134,19419,https://www.federalregister.gov/documents/2025/05/07/2025-08134/establishment-of-the-religious-liberty-commission,https://www.govinfo.gov/content/pkg/FR-2025-05-07/pdf/2025-08134.pdf,Presidential Document,Executive Order,05/07/2025,2025-05-01,19417,Establishment of the Religious Liberty Commission,"See: EO 13798, May 4, 2017",14291,""
90 FR 18759, 2025-07786,18760,https://www.federalregister.gov/documents/2025/05/02/2025-07786/enforcing-commonsense-rules-of-the-road-for-americas-truck-drivers,https://www.govinfo.gov/content/pkg/FR-2025-05-02/pdf/2025-07786.pdf,Presidential Document,Executive Order,05/02/2025,2025-04-28,18759,Enforcing Commonsense Rules of the Road for America's Truck Drivers,"See: EO 14224, March 1, 2025",14286,""
90 FR 18761, 2025-07789,18763,https://www.federalregister.gov/documents/2025/05/02/2025-07789/protecting-american-communities-from-criminal-aliens,https://www.govinfo.gov/content/pkg/FR-2025-05-02/pdf/2025-07789.pdf,Presidential Document,Executive Order,05/02/2025,2025-04-28,18761,Protecting American Communities From Criminal Aliens,"",14287,""
90 FR 18765, 2025-07790,18767,https://www.federalregister.gov/documents/2025/05/02/2025-07790/strengthening-and-unleashing-americas-law-enforcement-to-pursue-criminals-and-protect-innocent,https://www.govinfo.gov/content/pkg/FR-2025-05-02/pdf/2025-07790.pdf,Presidential Document,Executive Order,05/02/2025,2025-04-28,18765,Strengthening and Unleashing America's Law Enforcement To Pursue Criminals and Protect Innocent Citizens,"See: EO 14159, January 20, 2025",14288,""
90 FR 18907, 2025-07835,18909,https://www.federalregister.gov/documents/2025/05/02/2025-07835/addressing-certain-tariffs-on-imported-articles,https://www.govinfo.gov/content/pkg/FR-2025-05-02/pdf/2025-07835.pdf,Presidential Document,Executive Order,05/02/2025,2025-04-29,18907,Addressing Certain Tariffs on Imported Articles,"See: Proc. 9704, March 8, 2018; Proc. 9705, March 8, 2018; Proc. 9980, January 24, 2020; EO 14193, February 1, 2025; EO 14194, February 1, 2025; EO 14197, February 3, 2025; EO 14198, February 3, 2025; Proc. 10895, February 10, 2025; Proc. 10896, February 10, 2025; EO 14226, March 2, 2025; EO 14227, March 2, 2025; March 2, 2025; EO 14231, March 6, 2025; EO 14232, March 6, 2025; Proc. 10908, March 26, 2025
Amended by: Proc. 10947, June 3, 2025",14289,""
90 FR 17729, 2025-07469,17733,https://www.federalregister.gov/documents/2025/04/29/2025-07469/strengthening-probationary-periods-in-the-federal-service,https://www.govinfo.gov/content/pkg/FR-2025-04-29/pdf/2025-07469.pdf,Presidential Document,Executive Order,04/29/2025,2025-04-24,17729,Strengthening Probationary Periods in the Federal Service,"",14284,""
90 FR 17735, 2025-07470,17738,https://www.federalregister.gov/documents/2025/04/29/2025-07470/unleashing-americas-offshore-critical-minerals-and-resources,https://www.govinfo.gov/content/pkg/FR-2025-04-29/pdf/2025-07470.pdf,Presidential Document,Executive Order,04/29/2025,2025-04-24,17735,Unleashing America's Offshore Critical Minerals and Resources,"",14285,""
90 FR 17519, 2025-07368,17523,https://www.federalregister.gov/documents/2025/04/28/2025-07368/advancing-artificial-intelligence-education-for-american-youth,https://www.govinfo.gov/content/pkg/FR-2025-04-28/pdf/2025-07368.pdf,Presidential Document,Executive Order,04/28/2025,2025-04-23,17519,Advancing Artificial Intelligence Education for American Youth,"",14277,""
90 FR 17525, 2025-07369,17527,https://www.federalregister.gov/documents/2025/04/28/2025-07369/preparing-americans-for-high-paying-skilled-trade-jobs-of-the-future,https://www.govinfo.gov/content/pkg/FR-2025-04-28/pdf/2025-07369.pdf,Presidential Document,Executive Order,04/28/2025,2025-04-23,17525,Preparing Americans for High-Paying Skilled Trade Jobs of the Future,"See: EO 14302, May 23, 2025",14278,""
90 FR 17529, 2025-07376,17532,https://www.federalregister.gov/documents/2025/04/28/2025-07376/reforming-accreditation-to-strengthen-higher-education,https://www.govinfo.gov/content/pkg/FR-2025-04-28/pdf/2025-07376.pdf,Presidential Document,Executive Order,04/28/2025,2025-04-23,17529,Reforming Accreditation To Strengthen Higher Education,"",14279,""
90 FR 17533, 2025-07377,17535,https://www.federalregister.gov/documents/2025/04/28/2025-07377/reinstating-commonsense-school-discipline-policies,https://www.govinfo.gov/content/pkg/FR-2025-04-28/pdf/2025-07377.pdf,Presidential Document,Executive Order,04/28/2025,2025-04-23,17533,Reinstating Commonsense School Discipline Policies,"See: EO 14190, January 29, 2025",14280,""
90 FR 17537, 2025-07378,17539,https://www.federalregister.gov/documents/2025/04/28/2025-07378/restoring-equality-of-opportunity-and-meritocracy,https://www.govinfo.gov/content/pkg/FR-2025-04-28/pdf/2025-07378.pdf,Presidential Document,Executive Order,04/28/2025,2025-04-23,17537,Restoring Equality of Opportunity and Meritocracy,"See: EO 12250, November 2, 1980",14281,""
90 FR 17541, 2025-07379,17542,https://www.federalregister.gov/documents/2025/04/28/2025-07379/transparency-regarding-foreign-influence-at-american-universities,https://www.govinfo.gov/content/pkg/FR-2025-04-28/pdf/2025-07379.pdf,Presidential Document,Executive Order,04/28/2025,2025-04-23,17541,Transparency Regarding Foreign Influence at American Universities,"",14282,""
90 FR 17543, 2025-07380,17545,https://www.federalregister.gov/documents/2025/04/28/2025-07380/white-house-initiative-to-promote-excellence-and-innovation-at-historically-black-colleges-and,https://www.govinfo.gov/content/pkg/FR-2025-04-28/pdf/2025-07380.pdf,Presidential Document,Executive Order,04/28/2025,2025-04-23,17543,White House Initiative To Promote Excellence and Innovation at Historically Black Colleges and Universities,"Revokes: EO 14041, September 3, 2021",14283,""
90 FR 16993, 2025-07062,16995,https://www.federalregister.gov/documents/2025/04/22/2025-07062/restoring-american-seafood-competitiveness,https://www.govinfo.gov/content/pkg/FR-2025-04-22/pdf/2025-07062.pdf,Presidential Document,Executive Order,04/22/2025,2025-04-17,16993,Restoring American Seafood Competitiveness,"See: EO 13921, May 7, 2020",14276,""
90 FR 16433, 2025-06835,16435,https://www.federalregister.gov/documents/2025/04/18/2025-06835/ensuring-commercial-cost-effective-solutions-in-federal-contracts,https://www.govinfo.gov/content/pkg/FR-2025-04-18/pdf/2025-06835.pdf,Presidential Document,Executive Order,04/18/2025,2025-04-15,16433,"Ensuring Commercial, Cost-Effective Solutions in Federal Contracts","",14271,""
90 FR 16437, 2025-06836,16440,https://www.federalregister.gov/documents/2025/04/18/2025-06836/ensuring-national-security-and-economic-resilience-through-section-232-actions-on-processed-critical,https://www.govinfo.gov/content/pkg/FR-2025-04-18/pdf/2025-06836.pdf,Presidential Document,Executive Order,04/18/2025,2025-04-15,16437,Ensuring National Security and Economic Resilience Through Section 232 Actions on Processed Critical Minerals and Derivative Products,"",14272,""
90 FR 16441, 2025-06837,16444,https://www.federalregister.gov/documents/2025/04/18/2025-06837/lowering-drug-prices-by-once-again-putting-americans-first,https://www.govinfo.gov/content/pkg/FR-2025-04-18/pdf/2025-06837.pdf,Presidential Document,Executive Order,04/18/2025,2025-04-15,16441,Lowering Drug Prices by Once Again Putting Americans First,"See: EO 14297, May 12, 2025",14273,""
90 FR 16445, 2025-06838,16446,https://www.federalregister.gov/documents/2025/04/18/2025-06838/restoring-common-sense-to-federal-office-space-management,https://www.govinfo.gov/content/pkg/FR-2025-04-18/pdf/2025-06838.pdf,Presidential Document,Executive Order,04/18/2025,2025-04-15,16445,Restoring Common Sense to Federal Office Space Management,"Revokes: EO 12072, August 16, 1978; EO 13006, May 21, 1996",14274,""
90 FR 16447, 2025-06839,16449,https://www.federalregister.gov/documents/2025/04/18/2025-06839/restoring-common-sense-to-federal-procurement,https://www.govinfo.gov/content/pkg/FR-2025-04-18/pdf/2025-06839.pdf,Presidential Document,Executive Order,04/18/2025,2025-04-15,16447,Restoring Common Sense to Federal Procurement,"See: EO 14192, January 31, 2025",14275,""
90 FR 15615, 2025-06458,15617,https://www.federalregister.gov/documents/2025/04/15/2025-06458/addressing-risks-from-susman-godfrey,https://www.govinfo.gov/content/pkg/FR-2025-04-15/pdf/2025-06458.pdf,Presidential Document,Executive Order,04/15/2025,2025-04-09,15615,Addressing Risks From Susman Godfrey,"See: EO 14147, January 20, 2025; EO 14230, March 6, 2025",14263,""
90 FR 15619, 2025-06459,15620,https://www.federalregister.gov/documents/2025/04/15/2025-06459/maintaining-acceptable-water-pressure-in-showerheads,https://www.govinfo.gov/content/pkg/FR-2025-04-15/pdf/2025-06459.pdf,Presidential Document,Executive Order,04/15/2025,2025-04-09,15619,Maintaining Acceptable Water Pressure in Showerheads,"",14264,""
90 FR 15621, 2025-06461,15624,https://www.federalregister.gov/documents/2025/04/15/2025-06461/modernizing-defense-acquisitions-and-spurring-innovation-in-the-defense-industrial-base,https://www.govinfo.gov/content/pkg/FR-2025-04-15/pdf/2025-06461.pdf,Presidential Document,Executive Order,04/15/2025,2025-04-09,15621,Modernizing Defense Acquisitions and Spurring Innovation in the Defense Industrial Base,"See: EO 14192, January 31, 2025",14265,""
90 FR 15625, 2025-06462,15628,https://www.federalregister.gov/documents/2025/04/15/2025-06462/modifying-reciprocal-tariff-rates-to-reflect-trading-partner-retaliation-and-alignment,https://www.govinfo.gov/content/pkg/FR-2025-04-15/pdf/2025-06462.pdf,Presidential Document,Executive Order,04/15/2025,2025-04-09,15625,Modifying Reciprocal Tariff Rates To Reflect Trading Partner Retaliation and Alignment,"See: EO 14257, April 2, 2025; EO 14259, April 8, 2025; EO 14298, May 12, 2025; EO 14316, July 7, 2025",14266,""
90 FR 15629, 2025-06463,15630,https://www.federalregister.gov/documents/2025/04/15/2025-06463/reducing-anti-competitive-regulatory-barriers,https://www.govinfo.gov/content/pkg/FR-2025-04-15/pdf/2025-06463.pdf,Presidential Document,Executive Order,04/15/2025,2025-04-09,15629,Reducing Anti-Competitive Regulatory Barriers,"See: EO 12866, September 30, 1993; EO 14219, February 19, 2025",14267,""
90 FR 15631, 2025-06464,15633,https://www.federalregister.gov/documents/2025/04/15/2025-06464/reforming-foreign-defense-sales-to-improve-speed-and-accountability,https://www.govinfo.gov/content/pkg/FR-2025-04-15/pdf/2025-06464.pdf,Presidential Document,Executive Order,04/15/2025,2025-04-09,15631,Reforming Foreign Defense Sales To Improve Speed and Accountability,"",14268,""
90 FR 15635, 2025-06465,15641,https://www.federalregister.gov/documents/2025/04/15/2025-06465/restoring-americas-maritime-dominance,https://www.govinfo.gov/content/pkg/FR-2025-04-15/pdf/2025-06465.pdf,Presidential Document,Executive Order,04/15/2025,2025-04-09,15635,Restoring America's Maritime Dominance,"See: EO 14192, January 31, 2025",14269,""
90 FR 15643, 2025-06466,15646,https://www.federalregister.gov/documents/2025/04/15/2025-06466/zero-based-regulatory-budgeting-to-unleash-american-energy,https://www.govinfo.gov/content/pkg/FR-2025-04-15/pdf/2025-06466.pdf,Presidential Document,Executive Order,04/15/2025,2025-04-09,15643,Zero-Based Regulatory Budgeting To Unleash American Energy,"See: EO 14158, January 20, 2025; EO 14192, January 31, 2025",14270,""
90 FR 15509, 2025-06378,15511,https://www.federalregister.gov/documents/2025/04/14/2025-06378/amendment-to-reciprocal-tariffs-and-updated-duties-as-applied-to-low-value-imports-from-the-peoples,https://www.govinfo.gov/content/pkg/FR-2025-04-14/pdf/2025-06378.pdf,Presidential Document,Executive Order,04/14/2025,2025-04-08,15509,Amendment to Reciprocal Tariffs and Updated Duties as Applied to Low-Value Imports From the People's Republic of China,"See: EO 14256, April 2, 2025; EO 14257, April 2, 2025; EO 14298, May 12, 2025",14259,""
90 FR 15513, 2025-06379,15515,https://www.federalregister.gov/documents/2025/04/14/2025-06379/protecting-american-energy-from-state-overreach,https://www.govinfo.gov/content/pkg/FR-2025-04-14/pdf/2025-06379.pdf,Presidential Document,Executive Order,04/14/2025,2025-04-08,15513,Protecting American Energy From State Overreach,"",14260,""
90 FR 15517, 2025-06380,15520,https://www.federalregister.gov/documents/2025/04/14/2025-06380/reinvigorating-americas-beautiful-clean-coal-industry-and-amending-executive-order-14241,https://www.govinfo.gov/content/pkg/FR-2025-04-14/pdf/2025-06380.pdf,Presidential Document,Executive Order,04/14/2025,2025-04-08,15517,Reinvigorating America's Beautiful Clean Coal Industry and Amending Executive Order 14241,"Amends: EO 14241, March 20, 2025",14261,""
90 FR 15521, 2025-06381,15522,https://www.federalregister.gov/documents/2025/04/14/2025-06381/strengthening-the-reliability-and-security-of-the-united-states-electric-grid,https://www.govinfo.gov/content/pkg/FR-2025-04-14/pdf/2025-06381.pdf,Presidential Document,Executive Order,04/14/2025,2025-04-08,15521,Strengthening the Reliability and Security of the United States Electric Grid,"See: EO 14156, January 20, 2025",14262,""
90 FR 15209, 2025-06162,15210,https://www.federalregister.gov/documents/2025/04/09/2025-06162/extending-the-tiktok-enforcement-delay,https://www.govinfo.gov/content/pkg/FR-2025-04-09/pdf/2025-06162.pdf,Presidential Document,Executive Order,04/09/2025,2025-04-04,15209,Extending the TikTok Enforcement Delay,"See: EO 14166, January 20, 2025; EO 14310, June 19, 2025",14258,""
90 FR 14899, 2025-06027,14902,https://www.federalregister.gov/documents/2025/04/07/2025-06027/further-amendment-to-duties-addressing-the-synthetic-opioid-supply-chain-in-the-peoples-republic-of,https://www.govinfo.gov/content/pkg/FR-2025-04-07/pdf/2025-06027.pdf,Presidential Document,Executive Order,04/07/2025,2025-04-02,14899,Further Amendment to Duties Addressing the Synthetic Opioid Supply Chain in the People's Republic of China as Applied to Low-Value Imports,"See: EO 14195, February 1, 2025; EO 14200, February 5, 2025; EO 14228, March 3, 2025; EO 14257, April 2, 2025; EO 14259, April 8, 2025",14256,""
90 FR 15041, 2025-06063,15109,https://www.federalregister.gov/documents/2025/04/07/2025-06063/regulating-imports-with-a-reciprocal-tariff-to-rectify-trade-practices-that-contribute-to-large-and,https://www.govinfo.gov/content/pkg/FR-2025-04-07/pdf/2025-06063.pdf,Presidential Document,Executive Order,04/07/2025,2025-04-02,15041,Regulating Imports With a Reciprocal Tariff To Rectify Trade Practices That Contribute to Large and Persistent Annual United States Goods Trade Deficits,"See: Proc. 9704, March 8, 2018; Proc. 9705, March 8, 2018; Proc. 9980, January 24, 2020; Memo. of January 20, 2025; EO 14193, February 1, 2025; EO 14194, February 1, 2025; EO 14197, February 3, 2025; EO 14198, February 3, 2025; Proc. 10895, February 10, 2025; Proc. 10896, February 10, 2025; Memo. of February 13, 2025; EO 14227, March 2, 2025; EO 14231, March 2, 2025; Proc. 10908, March 26, 2025; EO 14256, April 2, 2025; EO 14259, April 8, 2025; EO 14266, April 9, 2025; EO 14298, May 12, 2025; EO 14309, June 16, 2025; EO 14316, July 7, 2025",14257,""
90 FR 14563, 2025-05838,14565,https://www.federalregister.gov/documents/2025/04/03/2025-05838/restoring-truth-and-sanity-to-american-history,https://www.govinfo.gov/content/pkg/FR-2025-04-03/pdf/2025-05838.pdf,Presidential Document,Executive Order,04/03/2025,2025-03-27,14563,Restoring Truth and Sanity to American History,"",14253,""
90 FR 14699, 2025-05906,14700,https://www.federalregister.gov/documents/2025/04/03/2025-05906/combating-unfair-practices-in-the-live-entertainment-market,https://www.govinfo.gov/content/pkg/FR-2025-04-03/pdf/2025-05906.pdf,Presidential Document,Executive Order,04/03/2025,2025-03-31,14699,Combating Unfair Practices in the Live Entertainment Market,"",14254,""
90 FR 14701, 2025-05908,14702,https://www.federalregister.gov/documents/2025/04/03/2025-05908/establishing-the-united-states-investment-accelerator,https://www.govinfo.gov/content/pkg/FR-2025-04-03/pdf/2025-05908.pdf,Presidential Document,Executive Order,04/03/2025,2025-03-31,14701,Establishing the United States Investment Accelerator,"",14255,""
90 FR 14549, 2025-05845,14551,https://www.federalregister.gov/documents/2025/04/03/2025-05845/addressing-risks-from-wilmerhale,https://www.govinfo.gov/content/pkg/FR-2025-04-03/pdf/2025-05845.pdf,Presidential Document,Executive Order,04/03/2025,2025-03-27,14549,Addressing Risks From WilmerHale,"See: EO 14147, January 20, 2025; EO 14230, March 6, 2025",14250,""
90 FR 14553, 2025-05836,14557,https://www.federalregister.gov/documents/2025/04/03/2025-05836/exclusions-from-federal-labor-management-relations-programs,https://www.govinfo.gov/content/pkg/FR-2025-04-03/pdf/2025-05836.pdf,Presidential Document,Executive Order,04/03/2025,2025-03-27,14553,Exclusions From Federal Labor-Management Relations Programs,"Amends: EO 12171, November 19, 1979",14251,""
90 FR 14559, 2025-05837,14561,https://www.federalregister.gov/documents/2025/04/03/2025-05837/making-the-district-of-columbia-safe-and-beautiful,https://www.govinfo.gov/content/pkg/FR-2025-04-03/pdf/2025-05837.pdf,Presidential Document,Executive Order,04/03/2025,2025-03-27,14559,Making the District of Columbia Safe and Beautiful,"See: EO 13933, June 26, 2020; EO 14189, January 29, 2025",14252,""
90 FR 13997, 2025-05519,13999,https://www.federalregister.gov/documents/2025/03/28/2025-05519/addressing-risks-from-jenner-and-block,https://www.govinfo.gov/content/pkg/FR-2025-03-28/pdf/2025-05519.pdf,Presidential Document,Executive Order,03/28/2025,2025-03-25,13997,Addressing Risks From Jenner & Block,"See: EO 14147, January 20, 2025; EO 14230, March 6, 2025",14246,""
90 FR 14001, 2025-05522,14003,https://www.federalregister.gov/documents/2025/03/28/2025-05522/modernizing-payments-to-and-from-americas-bank-account,https://www.govinfo.gov/content/pkg/FR-2025-03-28/pdf/2025-05522.pdf,Presidential Document,Executive Order,03/28/2025,2025-03-25,14001,Modernizing Payments To and From America's Bank Account,"See: EO 14250, March 27, 2025",14247,""
90 FR 14005, 2025-05523,14010,https://www.federalregister.gov/documents/2025/03/28/2025-05523/preserving-and-protecting-the-integrity-of-american-elections,https://www.govinfo.gov/content/pkg/FR-2025-03-28/pdf/2025-05523.pdf,Presidential Document,Executive Order,03/28/2025,2025-03-25,14005,Preserving and Protecting the Integrity of American Elections,"See: EO 14019, March 7, 2021; EO 14148, January 20, 2025",14248,""
90 FR 14011, 2025-05524,14015,https://www.federalregister.gov/documents/2025/03/28/2025-05524/protecting-americas-bank-account-against-fraud-waste-and-abuse,https://www.govinfo.gov/content/pkg/FR-2025-03-28/pdf/2025-05524.pdf,Presidential Document,Executive Order,03/28/2025,2025-03-25,14011,"Protecting America's Bank Account Against Fraud, Waste, and Abuse","",14249,""
90 FR 13829, 2025-05440,13831,https://www.federalregister.gov/documents/2025/03/27/2025-05440/imposing-tariffs-on-countries-importing-venezuelan-oil,https://www.govinfo.gov/content/pkg/FR-2025-03-27/pdf/2025-05440.pdf,Presidential Document,Executive Order,03/27/2025,2025-03-24,13829,Imposing Tariffs on Countries Importing Venezuelan Oil,"See: EO 13692, March 8, 2015; EO 13692, August 24, 2017; EO 13808, August 24, 2017; EO 13850, November 1, 2018; EO 13884, August 5, 2019; Proc. 10903, March 14, 2025",14245,""
90 FR 13685, 2025-05291,13686,https://www.federalregister.gov/documents/2025/03/26/2025-05291/addressing-remedial-action-by-paul-weiss,https://www.govinfo.gov/content/pkg/FR-2025-03-26/pdf/2025-05291.pdf,Presidential Document,Executive Order,03/26/2025,2025-03-21,13685,Addressing Remedial Action by Paul Weiss,"Revokes: EO 14237, March 14, 2025",14244,""
90 FR 13671, 2025-05197,13672,https://www.federalregister.gov/documents/2025/03/25/2025-05197/eliminating-waste-and-saving-taxpayer-dollars-by-consolidating-procurement,https://www.govinfo.gov/content/pkg/FR-2025-03-25/pdf/2025-05197.pdf,Presidential Document,Executive Order,03/25/2025,2025-03-20,13671,Eliminating Waste and Saving Taxpayer Dollars by Consolidating Procurement,"",14240,""
90 FR 13673, 2025-05212,13677,https://www.federalregister.gov/documents/2025/03/25/2025-05212/immediate-measures-to-increase-american-mineral-production,https://www.govinfo.gov/content/pkg/FR-2025-03-25/pdf/2025-05212.pdf,Presidential Document,Executive Order,03/25/2025,2025-03-20,13673,Immediate Measures To Increase American Mineral Production,"Amended by: EO 14261, April 8, 2025",14241,""
90 FR 13679, 2025-05213,13680,https://www.federalregister.gov/documents/2025/03/25/2025-05213/improving-education-outcomes-by-empowering-parents-states-and-communities,https://www.govinfo.gov/content/pkg/FR-2025-03-25/pdf/2025-05213.pdf,Presidential Document,Executive Order,03/25/2025,2025-03-20,13679,"Improving Education Outcomes by Empowering Parents, States, and Communities","",14242,""
90 FR 13681, 2025-05214,13682,https://www.federalregister.gov/documents/2025/03/25/2025-05214/stopping-waste-fraud-and-abuse-by-eliminating-information-silos,https://www.govinfo.gov/content/pkg/FR-2025-03-25/pdf/2025-05214.pdf,Presidential Document,Executive Order,03/25/2025,2025-03-20,13681,"Stopping Waste, Fraud, and Abuse by Eliminating Information Silos","",14243,""
90 FR 13267, 2025-04973,13269,https://www.federalregister.gov/documents/2025/03/21/2025-04973/achieving-efficiency-through-state-and-local-preparedness,https://www.govinfo.gov/content/pkg/FR-2025-03-21/pdf/2025-04973.pdf,Presidential Document,Executive Order,03/21/2025,2025-03-18,13267,Achieving Efficiency Through State and Local Preparedness,"See: EO 12656, November 18, 1988; EO 13618, July 6, 2012; EO 13961, December 7, 2020; EO 14017, February 24, 2021; EO 14123, June 14, 2024; EO 14146, January 19, 2025; EO 14149, January 20, 2025; EO 14180; January 24, 2025",14239,""
90 FR 13037, 2025-04866,13038,https://www.federalregister.gov/documents/2025/03/20/2025-04866/additional-rescissions-of-harmful-executive-orders-and-actions,https://www.govinfo.gov/content/pkg/FR-2025-03-20/pdf/2025-04866.pdf,Presidential Document,Executive Order,03/20/2025,2025-03-14,13037,Additional Rescissions of Harmful Executive Orders and Actions,"Revokes: EO 13994, January 21, 2021; National Security Memo. 3, February 4, 2021; Memo. of February 4, 2021; EO 14026, April 27, 2021; Memo. of March 31, 2022; Presidential Determination No. 2022–13, May 18, 2022; Presidential Determination No. 2022–15, June 6, 2022; Presidential Determination No. 2022–16, June 6, 2022; Presidential Determination No. 2022–17, June 6, 2022; Presidential Determination No. 2022–18, June 6, 2022; EO 14081, September 12, 2022; Memo. of January 17, 2023; National Security Memorandum 18, February 23, 2023; Memo. of February 27, 2023; Memo. of November 16, 2023; EO 14112, December 6, 2023; EO 14119, March 6, 2024; EO 14126, September 6, 2024",14236,""
90 FR 13039, 2025-04867,13041,https://www.federalregister.gov/documents/2025/03/20/2025-04867/addressing-risks-from-paul-weiss,https://www.govinfo.gov/content/pkg/FR-2025-03-20/pdf/2025-04867.pdf,Presidential Document,Executive Order,03/20/2025,2025-03-14,13039,Addressing Risks From Paul Weiss,"See: EO 14147, January 20, 2025; EO 14230, March 6, 2025
Revoked by: EO 14244, March 21, 2025",14237,""
90 FR 13043, 2025-04868,13044,https://www.federalregister.gov/documents/2025/03/20/2025-04868/continuing-the-reduction-of-the-federal-bureaucracy,https://www.govinfo.gov/content/pkg/FR-2025-03-20/pdf/2025-04868.pdf,Presidential Document,Executive Order,03/20/2025,2025-03-14,13043,Continuing the Reduction of the Federal Bureaucracy,"",14238,""
90 FR 11883, 2025-04102,11884,https://www.federalregister.gov/documents/2025/03/12/2025-04102/establishing-the-white-house-task-force-on-the-fifa-world-cup-2026,https://www.govinfo.gov/content/pkg/FR-2025-03-12/pdf/2025-04102.pdf,Presidential Document,Executive Order,03/12/2025,2025-03-07,11883,Establishing the White House Task Force on the FIFA World Cup 2026,"",14234,""
90 FR 11885, 2025-04103,11886,https://www.federalregister.gov/documents/2025/03/12/2025-04103/restoring-public-service-loan-forgiveness,https://www.govinfo.gov/content/pkg/FR-2025-03-12/pdf/2025-04103.pdf,Presidential Document,Executive Order,03/12/2025,2025-03-07,11885,Restoring Public Service Loan Forgiveness,"",14235,""
90 FR 11781, 2025-03989,11783,https://www.federalregister.gov/documents/2025/03/11/2025-03989/addressing-risks-from-perkins-coie-llp,https://www.govinfo.gov/content/pkg/FR-2025-03-11/pdf/2025-03989.pdf,Presidential Document,Executive Order,03/11/2025,2025-03-06,11781,Addressing Risks From Perkins Coie LLP,"See: EO 14147, January 20, 2025; EO 14237, March 14, 2025; EO 14250, March 27, 2025; EO 14246, March 25, 2025; EO 14263, April 9, 2025",14230,""
90 FR 11785, 2025-03990,11786,https://www.federalregister.gov/documents/2025/03/11/2025-03990/amendment-to-duties-to-address-the-flow-of-illicit-drugs-across-our-northern-border,https://www.govinfo.gov/content/pkg/FR-2025-03-11/pdf/2025-03990.pdf,Presidential Document,Executive Order,03/11/2025,2025-03-06,11785,Amendment to Duties To Address the Flow of Illicit Drugs Across Our Northern Border,"See: EO 14193, February 1, 2025; EO 14257, April 2, 2025; EO 14289, April 29, 2025",14231,""
90 FR 11787, 2025-03991,11788,https://www.federalregister.gov/documents/2025/03/11/2025-03991/amendment-to-duties-to-address-the-flow-of-illicit-drugs-across-our-southern-border,https://www.govinfo.gov/content/pkg/FR-2025-03-11/pdf/2025-03991.pdf,Presidential Document,Executive Order,03/11/2025,2025-03-06,11787,Amendment to Duties To Address the Flow of Illicit Drugs Across Our Southern Border,"See: EO 14194, February 1, 2025; EO 14289, April 29, 2025",14232,""
90 FR 11789, 2025-03992,11791,https://www.federalregister.gov/documents/2025/03/11/2025-03992/establishment-of-the-strategic-bitcoin-reserve-and-united-states-digital-asset-stockpile,https://www.govinfo.gov/content/pkg/FR-2025-03-11/pdf/2025-03992.pdf,Presidential Document,Executive Order,03/11/2025,2025-03-06,11789,Establishment of the Strategic Bitcoin Reserve and United States Digital Asset Stockpile,"",14233,""
90 FR 11585, 2025-03869,11586,https://www.federalregister.gov/documents/2025/03/10/2025-03869/honoring-jocelyn-nungaray,https://www.govinfo.gov/content/pkg/FR-2025-03-10/pdf/2025-03869.pdf,Presidential Document,Executive Order,03/10/2025,2025-03-04,11585,Honoring Jocelyn Nungaray,"",14229,""
90 FR 11463, 2025-03775,11464,https://www.federalregister.gov/documents/2025/03/07/2025-03775/further-amendment-to-duties-addressing-the-synthetic-opioid-supply-chain-in-the-peoples-republic-of,https://www.govinfo.gov/content/pkg/FR-2025-03-07/pdf/2025-03775.pdf,Presidential Document,Executive Order,03/07/2025,2025-03-03,11463,Further Amendment to Duties Addressing the Synthetic Opioid Supply Chain in the People's Republic of China,"See: EO 14200, February 5, 2025; EO 14256, April 2, 2025
Amends: EO 14195, February 1, 2025",14228,""
90 FR 11359, 2025-03693,11361,https://www.federalregister.gov/documents/2025/03/06/2025-03693/addressing-the-threat-to-national-security-from-imports-of-timber-lumber-and-their-derivative,https://www.govinfo.gov/content/pkg/FR-2025-03-06/pdf/2025-03693.pdf,Presidential Document,Executive Order,03/06/2025,2025-03-01,11359,"Addressing the Threat to National Security From Imports of Timber, Lumber, and Their Derivative Products","",14223,""
90 FR 11363, 2025-03694,11364,https://www.federalregister.gov/documents/2025/03/06/2025-03694/designating-english-as-the-official-language-of-the-united-states,https://www.govinfo.gov/content/pkg/FR-2025-03-06/pdf/2025-03694.pdf,Presidential Document,Executive Order,03/06/2025,2025-03-01,11363,Designating English as the Official Language of the United States,"Revokes: EO 13166, August 11, 2000
See: EO 14286, April 28, 2025",14224,""
90 FR 11365, 2025-03695,11367,https://www.federalregister.gov/documents/2025/03/06/2025-03695/immediate-expansion-of-american-timber-production,https://www.govinfo.gov/content/pkg/FR-2025-03-06/pdf/2025-03695.pdf,Presidential Document,Executive Order,03/06/2025,2025-03-01,11365,Immediate Expansion of American Timber Production,"",14225,""
90 FR 11369, 2025-03728,11370,https://www.federalregister.gov/documents/2025/03/06/2025-03728/amendment-to-duties-to-address-the-flow-of-illicit-drugs-across-our-northern-border,https://www.govinfo.gov/content/pkg/FR-2025-03-06/pdf/2025-03728.pdf,Presidential Document,Executive Order,03/06/2025,2025-03-02,11369,Amendment to Duties To Address the Flow of Illicit Drugs Across Our Northern Border,"See: EO 14197, February 3, 2025; EO 14289, April 29, 2025
Amends: EO 14193, February 1, 2025",14226,""
90 FR 11371, 2025-03729,11372,https://www.federalregister.gov/documents/2025/03/06/2025-03729/amendment-to-duties-to-address-the-situation-at-our-southern-border,https://www.govinfo.gov/content/pkg/FR-2025-03-06/pdf/2025-03729.pdf,Presidential Document,Executive Order,03/06/2025,2025-03-02,11371,Amendment to Duties To Address the Situation at Our Southern Border,"See: EO 14198, February 3, 2025; EO 14257, April 2, 2025; EO 14289, April 29, 2025
Amends: EO 14194, February 1, 2025",14227,""
90 FR 11095, 2025-03527,11097,https://www.federalregister.gov/documents/2025/03/03/2025-03527/implementing-the-presidents-department-of-government-efficiency-cost-efficiency-initiative,https://www.govinfo.gov/content/pkg/FR-2025-03-03/pdf/2025-03527.pdf,Presidential Document,Executive Order,03/03/2025,2025-02-26,11095,"Implementing the President's ""Department of Government Efficiency"" Cost Efficiency Initiative","See: EO 14158, January 20, 2025",14222,""
90 FR 11001, 2025-03439,11003,https://www.federalregister.gov/documents/2025/02/28/2025-03439/addressing-the-threat-to-national-security-from-imports-of-copper,https://www.govinfo.gov/content/pkg/FR-2025-02-28/pdf/2025-03439.pdf,Presidential Document,Executive Order,02/28/2025,2025-02-25,11001,Addressing the Threat to National Security From Imports of Copper,"",14220,""
90 FR 11005, 2025-03440,11006,https://www.federalregister.gov/documents/2025/02/28/2025-03440/making-america-healthy-again-by-empowering-patients-with-clear-accurate-and-actionable-healthcare,https://www.govinfo.gov/content/pkg/FR-2025-02-28/pdf/2025-03440.pdf,Presidential Document,Executive Order,02/28/2025,2025-02-25,11005,"Making America Healthy Again by Empowering Patients With Clear, Accurate, and Actionable Healthcare Pricing Information","See: EO 14158, January 20, 2025",14221,""
90 FR 10577, 2025-03133,10579,https://www.federalregister.gov/documents/2025/02/25/2025-03133/commencing-the-reduction-of-the-federal-bureaucracy,https://www.govinfo.gov/content/pkg/FR-2025-02-25/pdf/2025-03133.pdf,Presidential Document,Executive Order,02/25/2025,2025-02-19,10577,Commencing the Reduction of the Federal Bureaucracy,"Revokes: Memo. of November 13, 1961; EO 13318, November 21, 2003
Amends: EO 13562, December 27, 2010",14217,""
90 FR 10581, 2025-03137,10582,https://www.federalregister.gov/documents/2025/02/25/2025-03137/ending-taxpayer-subsidization-of-open-borders,https://www.govinfo.gov/content/pkg/FR-2025-02-25/pdf/2025-03137.pdf,Presidential Document,Executive Order,02/25/2025,2025-02-19,10581,Ending Taxpayer Subsidization of Open Borders,"",14218,""
90 FR 10583, 2025-03138,10585,https://www.federalregister.gov/documents/2025/02/25/2025-03138/ensuring-lawful-governance-and-implementing-the-presidents-department-of-government-efficiency,https://www.govinfo.gov/content/pkg/FR-2025-02-25/pdf/2025-03138.pdf,Presidential Document,Executive Order,02/25/2025,2025-02-19,10583,"Ensuring Lawful Governance and Implementing the President's ""Department of Government Efficiency"" Deregulatory Initiative","See: EO 12866, September 30, 1993; EO 13422, January 18, 2007; EO 14158, January 20, 2025; EO 14267, April 9, 2025",14219,""
90 FR 10447, 2025-03063,10449,https://www.federalregister.gov/documents/2025/02/24/2025-03063/ensuring-accountability-for-all-agencies,https://www.govinfo.gov/content/pkg/FR-2025-02-24/pdf/2025-03063.pdf,Presidential Document,Executive Order,02/24/2025,2025-02-18,10447,Ensuring Accountability for All Agencies,"Amends: EO 12866, September 30, 1993",14215,""
90 FR 10451, 2025-03064,10452,https://www.federalregister.gov/documents/2025/02/24/2025-03064/expanding-access-to-in-vitro-fertilization,https://www.govinfo.gov/content/pkg/FR-2025-02-24/pdf/2025-03064.pdf,Presidential Document,Executive Order,02/24/2025,2025-02-18,10451,Expanding Access to In Vitro Fertilization,"",14216,""
90 FR 9945, 2025-02928,9947,https://www.federalregister.gov/documents/2025/02/20/2025-02928/establishing-the-national-energy-dominance-council,https://www.govinfo.gov/content/pkg/FR-2025-02-20/pdf/2025-02928.pdf,Presidential Document,Executive Order,02/20/2025,2025-02-14,9945,Establishing the National Energy Dominance Council,"",14213,""
90 FR 9949, 2025-02931,9950,https://www.federalregister.gov/documents/2025/02/20/2025-02931/keeping-education-accessible-and-ending-covid-19-vaccine-mandates-in-schools,https://www.govinfo.gov/content/pkg/FR-2025-02-20/pdf/2025-02931.pdf,Presidential Document,Executive Order,02/20/2025,2025-02-14,9949,Keeping Education Accessible and Ending COVID-19 Vaccine Mandates in Schools,"",14214,""
90 FR 9833, 2025-02871,9836,https://www.federalregister.gov/documents/2025/02/19/2025-02871/establishing-the-presidents-make-america-healthy-again-commission,https://www.govinfo.gov/content/pkg/FR-2025-02-19/pdf/2025-02871.pdf,Presidential Document,Executive Order,02/19/2025,2025-02-13,9833,Establishing the President's Make America Healthy Again Commission,"",14212,""
90 FR 9831, 2025-02841,9832,https://www.federalregister.gov/documents/2025/02/18/2025-02841/one-voice-for-americas-foreign-relations,https://www.govinfo.gov/content/pkg/FR-2025-02-18/pdf/2025-02841.pdf,Presidential Document,Executive Order,02/18/2025,2025-02-12,9831,One Voice for America's Foreign Relations,"",14211,""
90 FR 9583, 2025-02734,9584,https://www.federalregister.gov/documents/2025/02/14/2025-02734/eliminating-the-federal-executive-institute,https://www.govinfo.gov/content/pkg/FR-2025-02-14/pdf/2025-02734.pdf,Presidential Document,Executive Order,02/14/2025,2025-02-10,9583,Eliminating the Federal Executive Institute,"",14207,""
90 FR 9585, 2025-02735,9586,https://www.federalregister.gov/documents/2025/02/14/2025-02735/ending-procurement-and-forced-use-of-paper-straws,https://www.govinfo.gov/content/pkg/FR-2025-02-14/pdf/2025-02735.pdf,Presidential Document,Executive Order,02/14/2025,2025-02-10,9585,Ending Procurement and Forced Use of Paper Straws,"",14208,""
90 FR 9587, 2025-02736,9588,https://www.federalregister.gov/documents/2025/02/14/2025-02736/pausing-foreign-corrupt-practices-act-enforcement-to-further-american-economic-and-national-security,https://www.govinfo.gov/content/pkg/FR-2025-02-14/pdf/2025-02736.pdf,Presidential Document,Executive Order,02/14/2025,2025-02-10,9587,Pausing Foreign Corrupt Practices Act Enforcement To Further American Economic and National Security,"",14209,""
90 FR 9669, 2025-02762,9671,https://www.federalregister.gov/documents/2025/02/14/2025-02762/implementing-the-presidents-department-of-government-efficiency-workforce-optimization-initiative,https://www.govinfo.gov/content/pkg/FR-2025-02-14/pdf/2025-02762.pdf,Presidential Document,Executive Order,02/14/2025,2025-02-11,9669,"Implementing the President's ""Department of Government Efficiency"" Workforce Optimization Initiative","See: EO 14158, January 20, 2025; EO 14170, January 20, 2025; Presidential Memorandum, January 20, 2025",14210,""
90 FR 9365, 2025-02611,9368,https://www.federalregister.gov/documents/2025/02/12/2025-02611/eradicating-anti-christian-bias,https://www.govinfo.gov/content/pkg/FR-2025-02-12/pdf/2025-02611.pdf,Presidential Document,Executive Order,02/12/2025,2025-02-06,9365,Eradicating Anti-Christian Bias,"",14202,""
90 FR 9369, 2025-02612,9373,https://www.federalregister.gov/documents/2025/02/12/2025-02612/imposing-sanctions-on-the-international-criminal-court,https://www.govinfo.gov/content/pkg/FR-2025-02-12/pdf/2025-02612.pdf,Presidential Document,Executive Order,02/12/2025,2025-02-06,9369,Imposing Sanctions on the International Criminal Court,"See: Proc. 8693, July 24, 2011",14203,""
90 FR 9497, 2025-02630,9498,https://www.federalregister.gov/documents/2025/02/12/2025-02630/addressing-egregious-actions-of-the-republic-of-south-africa,https://www.govinfo.gov/content/pkg/FR-2025-02-12/pdf/2025-02630.pdf,Presidential Document,Executive Order,02/12/2025,2025-02-07,9497,Addressing Egregious Actions of the Republic of South Africa,"",14204,""
90 FR 9499, 2025-02635,9501,https://www.federalregister.gov/documents/2025/02/12/2025-02635/establishment-of-the-white-house-faith-office,https://www.govinfo.gov/content/pkg/FR-2025-02-12/pdf/2025-02635.pdf,Presidential Document,Executive Order,02/12/2025,2025-02-07,9499,Establishment of the White House Faith Office,"See: EO 13198, January 29, 2001; EO 13280, December 12, 2002; EO 13342, June 1, 2004; EO 13397, March 7, 2006; EO 13559, November 17, 2010
Amends: EO 13279, December 12, 2002; EO 13280, December 12, 2002; EO 13342, June 1, 2004; EO 13397, March 7, 2006",14205,""
90 FR 9503, 2025-02636,9504,https://www.federalregister.gov/documents/2025/02/12/2025-02636/protecting-second-amendment-rights,https://www.govinfo.gov/content/pkg/FR-2025-02-12/pdf/2025-02636.pdf,Presidential Document,Executive Order,02/12/2025,2025-02-07,9503,Protecting Second Amendment Rights,"",14206,""
90 FR 9277, 2025-02512,9278,https://www.federalregister.gov/documents/2025/02/11/2025-02512/amendment-to-duties-addressing-the-synthetic-opioid-supply-chain-in-the-peoples-republic-of-china,https://www.govinfo.gov/content/pkg/FR-2025-02-11/pdf/2025-02512.pdf,Presidential Document,Executive Order,02/11/2025,2025-02-05,9277,Amendment to Duties Addressing the Synthetic Opioid Supply Chain in the People's Republic of China,"See: EO 14195, February 1, 2025; EO 14228, March 3, 2025; EO 14256, April 2, 2025",14200,""
90 FR 9279, 2025-02513,9281,https://www.federalregister.gov/documents/2025/02/11/2025-02513/keeping-men-out-of-womens-sports,https://www.govinfo.gov/content/pkg/FR-2025-02-11/pdf/2025-02513.pdf,Presidential Document,Executive Order,02/11/2025,2025-02-05,9279,Keeping Men Out of Women's Sports,"See: EO 14168, January 20, 2025; Proc. 10943, May 24, 2025",14201,""
90 FR 9183, 2025-02478,9184,https://www.federalregister.gov/documents/2025/02/10/2025-02478/progress-on-the-situation-at-our-northern-border,https://www.govinfo.gov/content/pkg/FR-2025-02-10/pdf/2025-02478.pdf,Presidential Document,Executive Order,02/10/2025,2025-02-03,9183,Progress on the Situation at Our Northern Border,"See: EO 14193, February 1, 2025; EO 14227, March 2, 2025; EO 14257, April 2, 2025; EO 14289, April 29, 2025",14197,""
90 FR 9185, 2025-02479,9186,https://www.federalregister.gov/documents/2025/02/10/2025-02479/progress-on-the-situation-at-our-southern-border,https://www.govinfo.gov/content/pkg/FR-2025-02-10/pdf/2025-02479.pdf,Presidential Document,Executive Order,02/10/2025,2025-02-03,9185,Progress on the Situation at Our Southern Border,"See: EO 14194, February 1, 2025;  EO 14227, March 2, 2025; EO 14257, April 2, 2025; EO 14289, April 29, 2025",14198,""
90 FR 9275, 2025-02504,9276,https://www.federalregister.gov/documents/2025/02/10/2025-02504/withdrawing-the-united-states-from-and-ending-funding-to-certain-united-nations-organizations-and,https://www.govinfo.gov/content/pkg/FR-2025-02-10/pdf/2025-02504.pdf,Presidential Document,Executive Order,02/10/2025,2025-02-04,9275,Withdrawing the United States From and Ending Funding to Certain United Nations Organizations and Reviewing United States Support to All International Organizations,"",14199,""
90 FR 9181, 2025-02477,9182,https://www.federalregister.gov/documents/2025/02/10/2025-02477/a-plan-for-establishing-a-united-states-sovereign-wealth-fund,https://www.govinfo.gov/content/pkg/FR-2025-02-10/pdf/2025-02477.pdf,Presidential Document,Executive Order,02/10/2025,2025-02-03,9181,A Plan for Establishing a United States Sovereign Wealth Fund,"",14196,""
90 FR 9113, 2025-02406,9116,https://www.federalregister.gov/documents/2025/02/07/2025-02406/imposing-duties-to-address-the-flow-of-illicit-drugs-across-our-northern-border,https://www.govinfo.gov/content/pkg/FR-2025-02-07/pdf/2025-02406.pdf,Presidential Document,Executive Order,02/07/2025,2025-02-01,9113,Imposing Duties To Address the Flow of Illicit Drugs Across Our Northern Border,"See: Proc. 10886, January 20, 2025; EO 14156, January 20, 2025; EO 14157, January 20, 2025; Memo. of January 20, 2025; EO 14197, February 3, 2025; EO 14231, March 6, 2025; EO 14257, April 2, 2025; EO 14289, April 29, 2025
Amended by: EO 14226, March 2, 2025",14193,""
90 FR 9117, 2025-02407,9120,https://www.federalregister.gov/documents/2025/02/07/2025-02407/imposing-duties-to-address-the-situation-at-our-southern-border,https://www.govinfo.gov/content/pkg/FR-2025-02-07/pdf/2025-02407.pdf,Presidential Document,Executive Order,02/07/2025,2025-02-01,9117,Imposing Duties To Address the Situation at Our Southern Border,"See: Proc. 10886, January 20, 2025; EO 14198, February 3, 2025; EO 14232, March 6, 2025
Amended by: EO 14227, March 2, 2025; EO 14289, April 29, 2025",14194,""
90 FR 9121, 2025-02408,9124,https://www.federalregister.gov/documents/2025/02/07/2025-02408/imposing-duties-to-address-the-synthetic-opioid-supply-chain-in-the-peoples-republic-of-china,https://www.govinfo.gov/content/pkg/FR-2025-02-07/pdf/2025-02408.pdf,Presidential Document,Executive Order,02/07/2025,2025-02-01,9121,Imposing Duties To Address the Synthetic Opioid Supply Chain in the People's Republic of China,"See: Proc. 10886, January 20, 2025; EO 14157, January 20, 2025; Memo. of January 20, 2025; EO 14200, February 5, 2025; EO 14256, April 2, 2025
Amended by: EO 14228, March 3, 2025",14195,""
90 FR 9065, 2025-02345,9067,https://www.federalregister.gov/documents/2025/02/06/2025-02345/unleashing-prosperity-through-deregulation,https://www.govinfo.gov/content/pkg/FR-2025-02-06/pdf/2025-02345.pdf,Presidential Document,Executive Order,02/06/2025,2025-01-31,9065,Unleashing Prosperity Through Deregulation,"See: EO 12866, September 30, 1993; EO 14265, April 9, 2025; EO 14269, April 9, 2025; EO 14270, April 9, 2025; EO 14275, April 15, 2025",14192,""
90 FR 8767, 2025-02182,8769,https://www.federalregister.gov/documents/2025/02/03/2025-02182/the-iron-dome-for-america,https://www.govinfo.gov/content/pkg/FR-2025-02-03/pdf/2025-02182.pdf,Presidential Document,Executive Order,02/03/2025,2025-01-27,8767,The Iron Dome for America,"",14186,""
90 FR 8771, 2025-02194,8773,https://www.federalregister.gov/documents/2025/02/03/2025-02194/protecting-children-from-chemical-and-surgical-mutilation,https://www.govinfo.gov/content/pkg/FR-2025-02-03/pdf/2025-02194.pdf,Presidential Document,Executive Order,02/03/2025,2025-01-28,8771,Protecting Children From Chemical and Surgical Mutilation,"",14187,""
90 FR 8847, 2025-02230,8848,https://www.federalregister.gov/documents/2025/02/03/2025-02230/additional-measures-to-combat-anti-semitism,https://www.govinfo.gov/content/pkg/FR-2025-02-03/pdf/2025-02230.pdf,Presidential Document,Executive Order,02/03/2025,2025-01-29,8847,Additional Measures To Combat Anti-Semitism,"See: EO 13899, December 11, 2019",14188,""
90 FR 8849, 2025-02231,8851,https://www.federalregister.gov/documents/2025/02/03/2025-02231/celebrating-americas-250th-birthday,https://www.govinfo.gov/content/pkg/FR-2025-02-03/pdf/2025-02231.pdf,Presidential Document,Executive Order,02/03/2025,2025-01-29,8849,Celebrating America's 250th Birthday,"See: EO 14029, May 14, 2021; EO 14252, March 27, 2025
Reinstates: EO 13933, June 26, 2020; EO 13934, July 3, 2020; EO 13978, January 18, 2021",14189,""
90 FR 8853, 2025-02232,8857,https://www.federalregister.gov/documents/2025/02/03/2025-02232/ending-radical-indoctrination-in-k-12-schooling,https://www.govinfo.gov/content/pkg/FR-2025-02-03/pdf/2025-02232.pdf,Presidential Document,Executive Order,02/03/2025,2025-01-29,8853,Ending Radical Indoctrination in K-12 Schooling,"See: EO 13958, November 2, 2020; EO 13985, January 20, 2021; EO 14280, April 23, 2025",14190,""
90 FR 8859, 2025-02233,8860,https://www.federalregister.gov/documents/2025/02/03/2025-02233/expanding-educational-freedom-and-opportunity-for-families,https://www.govinfo.gov/content/pkg/FR-2025-02-03/pdf/2025-02233.pdf,Presidential Document,Executive Order,02/03/2025,2025-01-29,8859,Expanding Educational Freedom and Opportunity for Families,"",14191,""
90 FR 8757, 2025-02178,8759,https://www.federalregister.gov/documents/2025/02/03/2025-02178/prioritizing-military-excellence-and-readiness,https://www.govinfo.gov/content/pkg/FR-2025-02-03/pdf/2025-02178.pdf,Presidential Document,Executive Order,02/03/2025,2025-01-27,8757,Prioritizing Military Excellence and Readiness,"See: EO 14148, January 20, 2025; EO 14168, January 20, 2025
Revokes: EO 14004, January 25, 2021",14183,""
90 FR 8761, 2025-02180,8762,https://www.federalregister.gov/documents/2025/02/03/2025-02180/reinstating-service-members-discharged-under-the-militarys-covid-19-vaccination-mandate,https://www.govinfo.gov/content/pkg/FR-2025-02-03/pdf/2025-02180.pdf,Presidential Document,Executive Order,02/03/2025,2025-01-27,8761,Reinstating Service Members Discharged Under the Military's COVID-19 Vaccination Mandate,"",14184,""
90 FR 8763, 2025-02181,8765,https://www.federalregister.gov/documents/2025/02/03/2025-02181/restoring-americas-fighting-force,https://www.govinfo.gov/content/pkg/FR-2025-02-03/pdf/2025-02181.pdf,Presidential Document,Executive Order,02/03/2025,2025-01-27,8763,Restoring America's Fighting Force,"See: EO 13950, September 22, 2020; EO 14168, January 20, 2025",14185,""
90 FR 8741, 2025-02172,8742,https://www.federalregister.gov/documents/2025/01/31/2025-02172/removing-barriers-to-american-leadership-in-artificial-intelligence,https://www.govinfo.gov/content/pkg/FR-2025-01-31/pdf/2025-02172.pdf,Presidential Document,Executive Order,01/31/2025,2025-01-23,8741,Removing Barriers to American Leadership in Artificial Intelligence,"",14179,""
90 FR 8743, 2025-02173,8745,https://www.federalregister.gov/documents/2025/01/31/2025-02173/council-to-assess-the-federal-emergency-management-agency,https://www.govinfo.gov/content/pkg/FR-2025-01-31/pdf/2025-02173.pdf,Presidential Document,Executive Order,01/31/2025,2025-01-24,8743,Council To Assess the Federal Emergency Management Agency,"See: EO 14239, March 18, 2025",14180,""
90 FR 8747, 2025-02174,8750,https://www.federalregister.gov/documents/2025/01/31/2025-02174/emergency-measures-to-provide-water-resources-in-california-and-improve-disaster-response-in-certain,https://www.govinfo.gov/content/pkg/FR-2025-01-31/pdf/2025-02174.pdf,Presidential Document,Executive Order,01/31/2025,2025-01-24,8747,Emergency Measures To Provide Water Resources in California and Improve Disaster Response in Certain Areas,"",14181,""
90 FR 8751, 2025-02175,8752,https://www.federalregister.gov/documents/2025/01/31/2025-02175/enforcing-the-hyde-amendment,https://www.govinfo.gov/content/pkg/FR-2025-01-31/pdf/2025-02175.pdf,Presidential Document,Executive Order,01/31/2025,2025-01-24,8751,Enforcing the Hyde Amendment,"Revokes: EO 14076, July 8, 2022; EO 14079, August 3, 2022",14182,""
90 FR 8625, 2025-02095,8627,https://www.federalregister.gov/documents/2025/01/31/2025-02095/restoring-accountability-to-policy-influencing-positions-within-the-federal-workforce,https://www.govinfo.gov/content/pkg/FR-2025-01-31/pdf/2025-02095.pdf,Presidential Document,Executive Order,01/31/2025,2025-01-20,8625,Restoring Accountability to Policy-Influencing Positions Within the Federal Workforce,"Reinstates: EO 13957, October 21, 2020
Revokes: EO 14003, January 22, 2021
",14171,""
90 FR 8629, 2025-02096,8631,https://www.federalregister.gov/documents/2025/01/31/2025-02096/restoring-names-that-honor-american-greatness,https://www.govinfo.gov/content/pkg/FR-2025-01-31/pdf/2025-02096.pdf,Presidential Document,Executive Order,01/31/2025,2025-01-20,8629,Restoring Names That Honor American Greatness,"",14172,""
90 FR 8633, 2025-02097,8636,https://www.federalregister.gov/documents/2025/01/31/2025-02097/ending-illegal-discrimination-and-restoring-merit-based-opportunity,https://www.govinfo.gov/content/pkg/FR-2025-01-31/pdf/2025-02097.pdf,Presidential Document,Executive Order,01/31/2025,2025-01-21,8633,Ending Illegal Discrimination and Restoring Merit-Based Opportunity,"Revokes: EO 11246, September 24, 1965; EO 12898, February 11, 1994; EO 13583, August 18, 2011; EO 13672, July 21, 2014; Memo. of October 5, 2016",14173,""
90 FR 8637, 2025-02098,8637,https://www.federalregister.gov/documents/2025/01/31/2025-02098/revocation-of-certain-executive-orders,https://www.govinfo.gov/content/pkg/FR-2025-01-31/pdf/2025-02098.pdf,Presidential Document,Executive Order,01/31/2025,2025-01-21,8637,Revocation of Certain Executive Orders,"",14174,""
90 FR 8639, 2025-02103,8640,https://www.federalregister.gov/documents/2025/01/31/2025-02103/designation-of-ansar-allah-as-a-foreign-terrorist-organization,https://www.govinfo.gov/content/pkg/FR-2025-01-31/pdf/2025-02103.pdf,Presidential Document,Executive Order,01/31/2025,2025-01-22,8639,Designation of Ansar Allah as a Foreign Terrorist Organization,"",14175,""
90 FR 8641, 2025-02116,8642,https://www.federalregister.gov/documents/2025/01/31/2025-02116/declassification-of-records-concerning-the-assassinations-of-president-john-f-kennedy-senator-robert,https://www.govinfo.gov/content/pkg/FR-2025-01-31/pdf/2025-02116.pdf,Presidential Document,Executive Order,01/31/2025,2025-01-23,8641,"Declassification of Records Concerning the Assassinations of President John F. Kennedy, Senator Robert F. Kennedy, and the Reverend Dr. Martin Luther King, Jr.","",14176,""
90 FR 8643, 2025-02121,8645,https://www.federalregister.gov/documents/2025/01/31/2025-02121/presidents-council-of-advisors-on-science-and-technology,https://www.govinfo.gov/content/pkg/FR-2025-01-31/pdf/2025-02121.pdf,Presidential Document,Executive Order,01/31/2025,2025-01-23,8643,President's Council of Advisors on Science and Technology,"See: EO 12968, August 2, 1995; EO 14009, September 29, 2023
Revokes: EO 14007, January 27, 2021",14177,""
90 FR 8647, 2025-02123,8650,https://www.federalregister.gov/documents/2025/01/31/2025-02123/strengthening-american-leadership-in-digital-financial-technology,https://www.govinfo.gov/content/pkg/FR-2025-01-31/pdf/2025-02123.pdf,Presidential Document,Executive Order,01/31/2025,2025-01-23,8647,Strengthening American Leadership in Digital Financial Technology,"Revokes: EO 14067, March 9, 2022",14178,""
90 FR 8611, 2025-02087,8612,https://www.federalregister.gov/documents/2025/01/30/2025-02087/application-of-protecting-americans-from-foreign-adversary-controlled-applications-act-to-tiktok,https://www.govinfo.gov/content/pkg/FR-2025-01-30/pdf/2025-02087.pdf,Presidential Document,Executive Order,01/30/2025,2025-01-20,8611,Application of Protecting Americans From Foreign Adversary Controlled Applications Act to TikTok,"See: EO 14258, April 4, 2025; EO 14310, June 19, 2025",14166,""
90 FR 8613, 2025-02089,8614,https://www.federalregister.gov/documents/2025/01/30/2025-02089/clarifying-the-militarys-role-in-protecting-the-territorial-integrity-of-the-united-states,https://www.govinfo.gov/content/pkg/FR-2025-01-30/pdf/2025-02089.pdf,Presidential Document,Executive Order,01/30/2025,2025-01-20,8613,Clarifying the Military's Role in Protecting the Territorial Integrity of the United States,"",14167,""
90 FR 8615, 2025-02090,8618,https://www.federalregister.gov/documents/2025/01/30/2025-02090/defending-women-from-gender-ideology-extremism-and-restoring-biological-truth-to-the-federal,https://www.govinfo.gov/content/pkg/FR-2025-01-30/pdf/2025-02090.pdf,Presidential Document,Executive Order,01/30/2025,2025-01-20,8615,Defending Women From Gender Ideology Extremism and Restoring Biological Truth to the Federal Government,"Rescinds: EO 13988, January 20, 2021; EO 14004, January 25, 2021; EO 14021, March 8, 2021; EO 14075, June 15, 2022
See: EO 14183, January 27, 2025; EO 14185, January 27, 2025; EO 14201, February 5, 2025",14168,""
90 FR 8619, 2025-02091,8620,https://www.federalregister.gov/documents/2025/01/30/2025-02091/reevaluating-and-realigning-united-states-foreign-aid,https://www.govinfo.gov/content/pkg/FR-2025-01-30/pdf/2025-02091.pdf,Presidential Document,Executive Order,01/30/2025,2025-01-20,8619,Reevaluating and Realigning United States Foreign Aid,"",14169,""
90 FR 8621, 2025-02094,8623,https://www.federalregister.gov/documents/2025/01/30/2025-02094/reforming-the-federal-hiring-process-and-restoring-merit-to-government-service,https://www.govinfo.gov/content/pkg/FR-2025-01-30/pdf/2025-02094.pdf,Presidential Document,Executive Order,01/30/2025,2025-01-20,8621,Reforming the Federal Hiring Process and Restoring Merit to Government Service,"See: EO 14210, February 11, 2025",14170,""
90 FR 8451, 2025-02009,8453,https://www.federalregister.gov/documents/2025/01/30/2025-02009/protecting-the-united-states-from-foreign-terrorists-and-other-national-security-and-public-safety,https://www.govinfo.gov/content/pkg/FR-2025-01-30/pdf/2025-02009.pdf,Presidential Document,Executive Order,01/30/2025,2025-01-20,8451,Protecting the United States From Foreign Terrorists and Other National Security and Public Safety Threats,"See: Proc. 10949, June 4, 2025; Proc. 10949, June 4, 2025",14161,""
90 FR 8455, 2025-02010,8457,https://www.federalregister.gov/documents/2025/01/30/2025-02010/putting-america-first-in-international-environmental-agreements,https://www.govinfo.gov/content/pkg/FR-2025-01-30/pdf/2025-02010.pdf,Presidential Document,Executive Order,01/30/2025,2025-01-20,8455,Putting America First in International Environmental Agreements,"",14162,""
90 FR 8459, 2025-02011,8461,https://www.federalregister.gov/documents/2025/01/30/2025-02011/realigning-the-united-states-refugee-admissions-program,https://www.govinfo.gov/content/pkg/FR-2025-01-30/pdf/2025-02011.pdf,Presidential Document,Executive Order,01/30/2025,2025-01-20,8459,Realigning the United States Refugee Admissions Program,"Revokes: EO 14013, February 4, 2021",14163,""
90 FR 8463, 2025-02012,8465,https://www.federalregister.gov/documents/2025/01/30/2025-02012/restoring-the-death-penalty-and-protecting-public-safety,https://www.govinfo.gov/content/pkg/FR-2025-01-30/pdf/2025-02012.pdf,Presidential Document,Executive Order,01/30/2025,2025-01-20,8463,Restoring the Death Penalty and Protecting Public Safety,"",14164,""
90 FR 8467, 2025-02015,8469,https://www.federalregister.gov/documents/2025/01/30/2025-02015/securing-our-borders,https://www.govinfo.gov/content/pkg/FR-2025-01-30/pdf/2025-02015.pdf,Presidential Document,Executive Order,01/30/2025,2025-01-20,8467,Securing Our Borders,"",14165,""
90 FR 8433, 2025-02003,8437,https://www.federalregister.gov/documents/2025/01/29/2025-02003/declaring-a-national-energy-emergency,https://www.govinfo.gov/content/pkg/FR-2025-01-29/pdf/2025-02003.pdf,Presidential Document,Executive Order,01/29/2025,2025-01-20,8433,Declaring a National Energy Emergency,"See: EO 14193, February 1, 2025; EO 14262, April 8, 2025; EO 14301, May 23, 2025",14156,""
90 FR 8439, 2025-02004,8440,https://www.federalregister.gov/documents/2025/01/29/2025-02004/designating-cartels-and-other-organizations-as-foreign-terrorist-organizations-and-specially,https://www.govinfo.gov/content/pkg/FR-2025-01-29/pdf/2025-02004.pdf,Presidential Document,Executive Order,01/29/2025,2025-01-20,8439,Designating Cartels and Other Organizations as Foreign Terrorist Organizations and Specially Designated Global Terrorists,"Amends: EO 13224, September 23, 2001
See: EO 14193, February 1, 2025; EO 14195, February 1, 2025",14157,""
90 FR 8441, 2025-02005,8442,https://www.federalregister.gov/documents/2025/01/29/2025-02005/establishing-and-implementing-the-presidents-department-of-government-efficiency,https://www.govinfo.gov/content/pkg/FR-2025-01-29/pdf/2025-02005.pdf,Presidential Document,Executive Order,01/29/2025,2025-01-20,8441,"Establishing and Implementing the President's ""Department of Government Efficiency""","See: EO 14210, February 11, 2025; EO 14219, February 19, 2025; EO 14222, February 26, 2025; EO 14270, April 9, 2025; EO 14300, May 23, 2025",14158,""
90 FR 8443, 2025-02006,8448,https://www.federalregister.gov/documents/2025/01/29/2025-02006/protecting-the-american-people-against-invasion,https://www.govinfo.gov/content/pkg/FR-2025-01-29/pdf/2025-02006.pdf,Presidential Document,Executive Order,01/29/2025,2025-01-20,8443,Protecting the American People Against Invasion,"Revokes: EO 13993, January 20, 2021; EO 14010, February 2, 2021; EO 14011, February 2, 2021; EO 14012, February 2, 2021
See: EO 14288, April 28, 2025",14159,""
90 FR 8449, 2025-02007,8450,https://www.federalregister.gov/documents/2025/01/29/2025-02007/protecting-the-meaning-and-value-of-american-citizenship,https://www.govinfo.gov/content/pkg/FR-2025-01-29/pdf/2025-02007.pdf,Presidential Document,Executive Order,01/29/2025,2025-01-20,8449,Protecting the Meaning and Value of American Citizenship,"",14160,""
90 FR 8337, 2025-01952,8337,https://www.federalregister.gov/documents/2025/01/29/2025-01952/america-first-policy-directive-to-the-secretary-of-state,https://www.govinfo.gov/content/pkg/FR-2025-01-29/pdf/2025-01952.pdf,Presidential Document,Executive Order,01/29/2025,2025-01-20,8337,America First Policy Directive to the Secretary of State,"See: EO 13985, January 20, 2021",14150,""
90 FR 8339, 2025-01953,8341,https://www.federalregister.gov/documents/2025/01/29/2025-01953/ending-radical-and-wasteful-government-dei-programs-and-preferencing,https://www.govinfo.gov/content/pkg/FR-2025-01-29/pdf/2025-01953.pdf,Presidential Document,Executive Order,01/29/2025,2025-01-20,8339,Ending Radical and Wasteful Government DEI Programs and Preferencing,"",14151,""
90 FR 8343, 2025-01954,8346,https://www.federalregister.gov/documents/2025/01/29/2025-01954/holding-former-government-officials-accountable-for-election-interference-and-improper-disclosure-of,https://www.govinfo.gov/content/pkg/FR-2025-01-29/pdf/2025-01954.pdf,Presidential Document,Executive Order,01/29/2025,2025-01-20,8343,Holding Former Government Officials Accountable for Election Interference and Improper Disclosure of Sensitive Governmental Information,"",14152,""
90 FR 8347, 2025-01955,8351,https://www.federalregister.gov/documents/2025/01/29/2025-01955/unleashing-alaskas-extraordinary-resource-potential,https://www.govinfo.gov/content/pkg/FR-2025-01-29/pdf/2025-01955.pdf,Presidential Document,Executive Order,01/29/2025,2025-01-20,8347,Unleashing Alaska's Extraordinary Resource Potential,"",14153,""
90 FR 8353, 2025-01956,8359,https://www.federalregister.gov/documents/2025/01/29/2025-01956/unleashing-american-energy,https://www.govinfo.gov/content/pkg/FR-2025-01-29/pdf/2025-01956.pdf,Presidential Document,Executive Order,01/29/2025,2025-01-20,8353,Unleashing American Energy,"Revokes: EO 11991, May 24, 1977; EO 13990, January 20, 2021; EO 13992, January 20, 2021; EO 14008, January 27, 2021; EO 14007, January 27, 2021; EO 14013, February 4, 2021; EO 14027, May 7, 2021; EO 14030, May 20, 2021; EO 14037, August 5, 2021; EO 14057, December 8, 2021; EO 14072, April 22, 2022; EO 14082, September 12, 2022; EO 14096, April 21, 2023
See: Memo. of January 27, 2021; EO 14300, May 23, 2025; EO 14301, May 23, 2025;  EO 14303, May 23, 2025",14154,""
90 FR 8361, 2025-01957,8362,https://www.federalregister.gov/documents/2025/01/29/2025-01957/withdrawing-the-united-states-from-the-world-health-organization,https://www.govinfo.gov/content/pkg/FR-2025-01-29/pdf/2025-01957.pdf,Presidential Document,Executive Order,01/29/2025,2025-01-20,8361,Withdrawing the United States From the World Health Organization,"Revokes: EO 13987, January 20, 2021",14155,""
90 FR 8235, 2025-01900,8236,https://www.federalregister.gov/documents/2025/01/28/2025-01900/ending-the-weaponization-of-the-federal-government,https://www.govinfo.gov/content/pkg/FR-2025-01-28/pdf/2025-01900.pdf,Presidential Document,Executive Order,01/28/2025,2025-01-20,8235,Ending the Weaponization of the Federal Government,"See: EO 14230, March 6, 2025; EO 14237, March 14, 2025; EO 14246, March 25, 2025; EO 14263, April 9, 2025",14147,""
90 FR 8237, 2025-01901,8241,https://www.federalregister.gov/documents/2025/01/28/2025-01901/initial-rescissions-of-harmful-executive-orders-and-actions,https://www.govinfo.gov/content/pkg/FR-2025-01-28/pdf/2025-01901.pdf,Presidential Document,Executive Order,01/28/2025,2025-01-20,8237,Initial Rescissions of Harmful Executive Orders and Actions,"Revokes: EO 13985, January 20, 2021; EO 13986, January 20, 2021; EO 13987, January 20, 2021; EO 13988, January 20, 2021; EO 13989, January 20, 2021; EO 13990, January 20, 2021; EO 13992, January 20, 2021; EO 13993, January 20, 2021; EO 13995, January 21, 2021; EO 13996, January 21, 2021; EO 13997, January 21, 2021; EO 13999, January 21, 2021; EO 14000, January 21, 2021; EO 14002, January 22, 2021; EO 14003, January 22, 2021; EO 14004, January 25, 2021; EO 14006, January 26, 2021; EO 14007, January 27, 2021; EO 14008, January 27, 2021; EO 14009, January 28, 2021; EO 14010, February 2, 2021; EO 14011, February 2, 2021; EO 14012, February 2, 2021; EO 14013, February 4, 2021; EO 14015, February 14, 2021; EO 14018, February 24, 2021; EO 14019, March 7, 2021; EO 14020, March 8, 2021; EO 14021, March 8, 2021; EO 14022, April 1, 2021; EO 14023, April 9, 2021; EO 14027, May 7, 2021; EO 14029, May 14, 2021; EO 14030, May 20, 2021; EO 14031, May 28, 2021; EO 14035, June 25, 2021; EO 14037, August 5, 2021; EO 14044; EO 14045, September 13, 2021; EO 14049, October 11, 2021; EO 14050, October 19, 2021; EO 14052, November 15, 2021; EO 14055, November 18, 2021; EO 14057, December 8, 2021; EO 14060, December 15, 2021; EO 14069, March 15, 2022; EO 14070, April 5, 2022; EO 14074, May 25, 2022; EO 14075, June 15, 2022; EO 14082, September 12, 2022; EO 14084, September 30, 2022; EO 14087, October 14, 2022; EO 14089, December 13, 2022; EO 14091, February 16, 2023; Memo. of March 13, 2023; EO 14094, April 6, 2023; EO 14096, April 21, 2023; EO 14099, May 9, 2023; EO 14110, October 30, 2023; EO 14115, February 1, 2024; EO 14124, July 17, 2024; EO 14134, January 3, 2025; EO 14135, January 3, 2025; EO 14136, January 3, 2025; EO 14137, January 3, 2025; EO 14138, January 3, 2025; EO 14139, January 3, 2025; Memo. of January 3, 2025; Memo. of January 3, 2025; Memo. of January 3, 2025; Memo. of January 3, 2025; Memo. of January 3, 2025; Memo. of January 3, 2025; Memo. of January 6, 2025; Memo. of January 6, 2025; Memo. of January 14, 2025; Memo. of January 14, 2025; EO 14143, January 16, 2025
See: EO 14183, January 27, 2025; EO 14248, March 25, 2025",14148,""
90 FR 8243, 2025-01902,8244,https://www.federalregister.gov/documents/2025/01/28/2025-01902/restoring-freedom-of-speech-and-ending-federal-censorship,https://www.govinfo.gov/content/pkg/FR-2025-01-28/pdf/2025-01902.pdf,Presidential Document,Executive Order,01/28/2025,2025-01-20,8243,Restoring Freedom of Speech and Ending Federal Censorship,"See: EO 14239, March 18, 2025",14149,""
